id_categoria,nome,descricao
1,Once,Plant effort husband until ability next.
2,Commercial,Wife project take level difficult raise education.
3,Expect,Level past five.
4,Change,By foot thousand difference hope card break.
5,None,Single interesting road western buy feeling.
6,Must,Quality worker network early service letter event.
7,Represent,Each edge budget build memory dark personal.
8,Debate,Eight thought positive less reveal meet hospital various.
9,Community,History fish so south read fill student.
10,Beautiful,Leg experience include three writer myself statement use.
11,Mouth,Throw view service send change western.
12,Citizen,Knowledge opportunity million scientist.
13,Teach,Here maintain create tough.
14,Same,Today argue support.
15,Mind,Ask offer four state way child door.
16,Plant,Entire ready instead boy yeah.
17,Our,Sit child behavior hope want.
18,Whether,Speak reduce discuss him red say thought.
19,Choose,Black city type time.
20,Myself,Treat religious society effort less pressure song.
21,Unit,Appear religious religious land child other.
22,Democrat,Relationship far defense may knowledge seek whose.
23,Society,Continue arrive say chair strategy build.
24,Pull,Score itself tonight into then.
25,Its,Music explain may team serve.
26,Strong,While firm sing night.
27,Over,Film name whose east.
28,Represent,Something performance conference reveal behavior couple performance.
29,Brother,Money may left well tough full relate.
30,Friend,Of the general entire peace specific personal policy.
31,Pass,Factor interesting line.
32,I,Power against into letter air.
33,Option,Building ten strong.
34,Land,Mrs late within seat add important free.
35,Blood,Buy eat live baby have first.
36,Very,Most teach thousand about red.
37,Land,Lot focus president hope force.
38,Half,Describe spend identify test property decade design middle.
39,Society,Write television loss the.
40,Firm,Military child police project player walk.
41,Nearly,Somebody usually million evening one ask themselves.
42,Quickly,Everyone girl feeling certain build.
43,Technology,Those company surface word week.
44,Mr,Will challenge military key gas owner without read.
45,Building,Despite yard become.
46,Fire,Modern her degree executive attention herself.
47,Hit,Economy this quality happen.
48,Animal,Often cultural science watch recognize level.
49,Campaign,Rich already include nature peace actually join.
50,Show,Try threat knowledge hope PM game amount avoid.
